resSeq,rmsf_A
0,4.690
1,3.118
2,2.143
3,1.700
4,1.464
5,1.414
6,1.229
7,1.029
8,1.107
9,1.213
10,1.115
11,1.023
12,1.214
13,1.273
14,1.180
15,1.150
16,0.994
17,0.857
18,0.680
19,0.613
20,0.527
21,0.511
22,0.556
23,0.632
24,0.695
25,0.775
26,1.105
27,1.179
28,1.005
29,0.960
30,0.804
31,0.820
32,0.777
33,0.726
34,0.716
35,0.772
36,0.800
37,0.931
38,0.796
39,0.719
40,0.658
41,0.719
42,0.726
43,0.788
44,0.770
45,0.707
46,0.656
47,0.617
48,0.660
49,0.632
50,0.612
51,0.611
52,0.671
53,0.663
54,0.640
55,0.703
56,0.793
57,0.851
58,0.887
59,1.087
60,1.178
61,1.232
62,1.190
63,1.000
64,1.097
65,1.047
66,1.140
67,1.072
68,1.034
69,1.024
70,1.349
71,1.471
72,2.029
73,2.495
74,2.669
75,2.578
76,2.643
77,3.441
78,4.198
79,4.330
80,3.222
81,3.247
82,2.761
83,2.447
84,2.645
85,2.516
86,2.026
87,2.107
88,2.146
89,1.846
90,1.344
91,0.961
92,0.834
93,0.739
94,0.810
95,0.779
96,0.647
97,0.648
98,0.774
99,0.778
100,0.710
101,0.804
102,0.905
103,0.987
104,0.952
105,0.873
106,0.922
107,0.876
108,0.746
109,0.725
110,0.767
111,0.733
112,0.684
113,0.724
114,0.825
115,0.832
116,0.809
117,0.915
118,0.850
119,0.857
120,0.968
121,0.864
122,0.715
123,0.764
124,0.856
125,0.772
126,0.720
127,0.863
128,1.007
129,1.007
130,1.047
131,0.819
132,0.954
133,0.834
134,0.757
135,0.898
136,0.834
137,0.978
138,0.985
139,1.137
140,1.342
141,1.520
142,1.329
143,1.280
144,1.614
145,1.760
146,2.192
147,2.061
148,2.494
149,2.430
150,1.755
151,1.451
152,1.181
153,0.928
154,0.735
155,0.649
156,0.589
157,0.561
158,0.582
159,0.604
160,0.566
161,0.550
162,0.581
163,0.581
164,0.588
165,0.623
166,0.702
167,0.737
168,0.784
169,0.949
170,1.226
171,1.209
172,1.186
173,0.953
174,1.020
175,1.088
176,1.096
177,0.909
178,0.858
179,0.916
180,0.858
181,0.733
182,0.756
183,0.826
184,0.771
185,0.761
186,0.898
187,1.097
188,1.111
189,1.506
190,1.802
191,2.075
192,2.017
193,1.613
194,1.301
195,1.141
196,1.256
197,1.406
198,1.273
199,1.164
200,1.575
201,1.776
202,1.482
203,1.028
204,0.958
205,0.786
206,0.721
207,0.649
208,0.656
209,0.688
210,0.879
211,0.985
212,1.258
213,1.405
214,1.354
215,1.133
216,0.816
217,0.696
218,0.696
219,0.553
220,0.539
221,0.548
222,0.584
223,0.692
224,0.844
225,1.128
226,1.443
227,1.389
228,1.147
229,0.864
230,0.820
231,0.665
232,0.554
233,0.519
234,0.500
235,0.535
236,0.577
237,0.667
238,0.824
239,1.089
240,1.140
241,1.503
242,1.428
243,1.436
244,1.390
245,1.379
246,1.219
247,0.994
248,1.033
249,1.070
250,0.959
251,0.834
252,0.892
253,0.924
254,0.837
255,0.901
256,1.017
257,1.047
258,1.125
259,1.332
260,1.682
261,2.210
262,2.716
